[
    {
        "position": 33.60740740740741,
        "report_date": "2017-06-19",
        "name_se": "Google"
    },
    {
        "position": 14.34074074074074,
        "report_date": "2017-06-19",
        "name_se": "Яндекс"
    },
    {
        "position": 37.46666666666667,
        "report_date": "2017-06-26",
        "name_se": "Google"
    },
    {
        "position": 10.718518518518518,
        "report_date": "2017-06-26",
        "name_se": "Яндекс"
    },
    {
        "position": 36.19259259259259,
        "report_date": "2017-07-03",
        "name_se": "Google"
    },
    {
        "position": 11.096296296296297,
        "report_date": "2017-07-03",
        "name_se": "Яндекс"
    },
    {
        "position": 37.0,
        "report_date": "2017-07-10",
        "name_se": "Google"
    },
    {
        "position": 10.303703703703704,
        "report_date": "2017-07-10",
        "name_se": "Яндекс"
    },
    {
        "position": 37.02962962962963,
        "report_date": "2017-07-17",
        "name_se": "Google"
    },
    {
        "position": 10.666666666666666,
        "report_date": "2017-07-17",
        "name_se": "Яндекс"
    },
    {
        "position": 36.237037037037034,
        "report_date": "2017-07-24",
        "name_se": "Google"
    },
    {
        "position": 10.437037037037037,
        "report_date": "2017-07-24",
        "name_se": "Яндекс"
    },
    {
        "position": 34.91111111111111,
        "report_date": "2017-07-31",
        "name_se": "Google"
    },
    {
        "position": 12.066666666666666,
        "report_date": "2017-07-31",
        "name_se": "Яндекс"
    },
    {
        "position": 34.74074074074074,
        "report_date": "2017-08-07",
        "name_se": "Google"
    },
    {
        "position": 9.681481481481482,
        "report_date": "2017-08-07",
        "name_se": "Яндекс"
    },
    {
        "position": 34.45185185185185,
        "report_date": "2017-08-14",
        "name_se": "Google"
    },
    {
        "position": 11.496296296296297,
        "report_date": "2017-08-14",
        "name_se": "Яндекс"
    },
    {
        "position": 38.977777777777774,
        "report_date": "2017-08-21",
        "name_se": "Google"
    },
    {
        "position": 10.333333333333334,
        "report_date": "2017-08-21",
        "name_se": "Яндекс"
    },
    {
        "position": 40.94814814814815,
        "report_date": "2017-08-28",
        "name_se": "Google"
    },
    {
        "position": 11.777777777777779,
        "report_date": "2017-08-28",
        "name_se": "Яндекс"
    },
    {
        "position": 39.72592592592593,
        "report_date": "2017-09-04",
        "name_se": "Google"
    },
    {
        "position": 11.185185185185185,
        "report_date": "2017-09-04",
        "name_se": "Яндекс"
    },
    {
        "position": 41.12592592592593,
        "report_date": "2017-09-11",
        "name_se": "Google"
    },
    {
        "position": 14.377777777777778,
        "report_date": "2017-09-11",
        "name_se": "Яндекс"
    },
    {
        "position": 38.45925925925926,
        "report_date": "2017-09-18",
        "name_se": "Google"
    },
    {
        "position": 16.822222222222223,
        "report_date": "2017-09-18",
        "name_se": "Яндекс"
    },
    {
        "position": 40.696296296296296,
        "report_date": "2017-09-25",
        "name_se": "Google"
    },
    {
        "position": 10.962962962962964,
        "report_date": "2017-09-25",
        "name_se": "Яндекс"
    },
    {
        "position": 42.65185185185185,
        "report_date": "2017-10-02",
        "name_se": "Google"
    },
    {
        "position": 10.733333333333333,
        "report_date": "2017-10-02",
        "name_se": "Яндекс"
    }
]