[
    {
        "position": 27,
        "pretty_report_date": "10.10.2017",
        "query": "линолеум армстронг опт",
        "name_se": "Яндекс"
    },
    {
        "position": 101,
        "pretty_report_date": "10.10.2017",
        "query": "плитка пвх москве опт",
        "name_se": "Яндекс"
    },
    {
        "position": 101,
        "pretty_report_date": "10.10.2017",
        "query": "ковровая плитка россия оптом",
        "name_se": "Яндекс"
    },
    {
        "position": 101,
        "pretty_report_date": "03.10.2017",
        "query": "ковровая плитка россия оптом",
        "name_se": "Яндекс"
    },
    {
        "position": 101,
        "pretty_report_date": "03.10.2017",
        "query": "ковровая плитка россия оптом",
        "name_se": "Google"
    },
    {
        "position": 101,
        "pretty_report_date": "12.10.2017",
        "query": "ковролин balta купить оптом",
        "name_se": "Яндекс"
    },
    {
        "position": 23,
        "pretty_report_date": "10.10.2017",
        "query": "купить линолеум armstrong оптом",
        "name_se": "Яндекс"
    },
    {
        "position": 101,
        "pretty_report_date": "10.10.2017",
        "query": "негорючий линолеум купить оптом",
        "name_se": "Google"
    },
    {
        "position": 57,
        "pretty_report_date": "10.10.2017",
        "query": "купить линолеум armstrong оптом",
        "name_se": "Google"
    },
    {
        "position": 101,
        "pretty_report_date": "10.10.2017",
        "query": "антистатический линолеум оптом",
        "name_se": "Google"
    },
    {
        "position": 101,
        "pretty_report_date": "10.10.2017",
        "query": "плитка пвх для пола купить опт",
        "name_se": "Google"
    },
    {
        "position": 101,
        "pretty_report_date": "10.10.2017",
        "query": "токопроводящий линолеум опт",
        "name_se": "Google"
    },
    {
        "position": 101,
        "pretty_report_date": "10.10.2017",
        "query": "купить ковролин для офиса опт",
        "name_se": "Google"
    },
    {
        "position": 27,
        "pretty_report_date": "10.10.2017",
        "query": "линолеум armstrong marmorette опт",
        "name_se": "Google"
    },
    {
        "position": 101,
        "pretty_report_date": "02.10.2017",
        "query": "ковровая плитка escom object опт",
        "name_se": "Google"
    },
    {
        "position": 84,
        "pretty_report_date": "02.10.2017",
        "query": "коммерческий ковролин для гостиниц опт",
        "name_se": "Google"
    },
    {
        "position": 21,
        "pretty_report_date": "02.10.2017",
        "query": "купить ковровую плитку desso оптом",
        "name_se": "Google"
    },
    {
        "position": 101,
        "pretty_report_date": "02.10.2017",
        "query": "плитка пвх для пола опт",
        "name_se": "Google"
    },
    {
        "position": 66,
        "pretty_report_date": "02.10.2017",
        "query": "линолеум lg durable опт",
        "name_se": "Google"
    },
    {
        "position": 34,
        "pretty_report_date": "02.10.2017",
        "query": "линолеум армстронг купить опт",
        "name_se": "Google"
    },
    {
        "position": 31,
        "pretty_report_date": "02.10.2017",
        "query": "ковровая плитка desso опт",
        "name_se": "Яндекс"
    },
    {
        "position": 72,
        "pretty_report_date": "02.10.2017",
        "query": "ковровая плитка ruscarpettiles опт",
        "name_se": "Яндекс"
    },
    {
        "position": 101,
        "pretty_report_date": "02.10.2017",
        "query": "плитка пвх для пола оптом",
        "name_se": "Яндекс"
    },
    {
        "position": 81,
        "pretty_report_date": "02.10.2017",
        "query": "ковролин balta опт",
        "name_se": "Яндекс"
    },
    {
        "position": 70,
        "pretty_report_date": "02.10.2017",
        "query": "ковровая плитка forbo опт",
        "name_se": "Яндекс"
    },
    {
        "position": 101,
        "pretty_report_date": "02.10.2017",
        "query": "плитка пвх цена оптом",
        "name_se": "Яндекс"
    },
    {
        "position": 101,
        "pretty_report_date": "02.10.2017",
        "query": "антистатический линолеум опт",
        "name_se": "Яндекс"
    },
    {
        "position": 101,
        "pretty_report_date": "02.10.2017",
        "query": "ковровая плитка для офиса опт",
        "name_se": "Яндекс"
    },
    {
        "position": 27,
        "pretty_report_date": "02.10.2017",
        "query": "линолеум армстронг опт",
        "name_se": "Яндекс"
    },
    {
        "position": 101,
        "pretty_report_date": "02.10.2017",
        "query": "плитка пвх москве опт",
        "name_se": "Яндекс"
    },
    {
        "position": 101,
        "pretty_report_date": "02.10.2017",
        "query": "ковровая плитка россия оптом",
        "name_se": "Яндекс"
    },
    {
        "position": 101,
        "pretty_report_date": "03.10.2017",
        "query": "ковровая плитка россия оптом",
        "name_se": "Яндекс"
    },
    {
        "position": 101,
        "pretty_report_date": "03.10.2017",
        "query": "ковровая плитка россия оптом",
        "name_se": "Google"
    },
    {
        "position": 101,
        "pretty_report_date": "02.10.2017",
        "query": "ковролин balta купить оптом",
        "name_se": "Яндекс"
    },
    {
        "position": 23,
        "pretty_report_date": "02.10.2017",
        "query": "купить линолеум armstrong оптом",
        "name_se": "Яндекс"
    },
    {
        "position": 101,
        "pretty_report_date": "02.10.2017",
        "query": "негорючий линолеум купить оптом",
        "name_se": "Google"
    },
    {
        "position": 57,
        "pretty_report_date": "02.10.2017",
        "query": "купить линолеум armstrong оптом",
        "name_se": "Google"
    },
    {
        "position": 101,
        "pretty_report_date": "02.10.2017",
        "query": "антистатический линолеум оптом",
        "name_se": "Google"
    },
    {
        "position": 101,
        "pretty_report_date": "02.10.2017",
        "query": "плитка пвх для пола купить опт",
        "name_se": "Google"
    },
    {
        "position": 101,
        "pretty_report_date": "02.10.2017",
        "query": "токопроводящий линолеум опт",
        "name_se": "Google"
    },
    {
        "position": 101,
        "pretty_report_date": "02.10.2017",
        "query": "купить ковролин для офиса опт",
        "name_se": "Google"
    },
    {
        "position": 27,
        "pretty_report_date": "02.10.2017",
        "query": "линолеум armstrong marmorette опт",
        "name_se": "Google"
    },
    {
        "position": 101,
        "pretty_report_date": "02.10.2017",
        "query": "ковровая плитка escom object опт",
        "name_se": "Google"
    },
    {
        "position": 84,
        "pretty_report_date": "02.10.2017",
        "query": "коммерческий ковролин для гостиниц опт",
        "name_se": "Google"
    },
    {
        "position": 21,
        "pretty_report_date": "02.10.2017",
        "query": "купить ковровую плитку desso оптом",
        "name_se": "Google"
    },
    {
        "position": 101,
        "pretty_report_date": "02.10.2017",
        "query": "плитка пвх для пола опт",
        "name_se": "Google"
    },
    {
        "position": 66,
        "pretty_report_date": "02.10.2017",
        "query": "линолеум lg durable опт",
        "name_se": "Google"
    },
    {
        "position": 34,
        "pretty_report_date": "02.10.2017",
        "query": "линолеум армстронг купить опт",
        "name_se": "Google"
    },
    {
        "position": 31,
        "pretty_report_date": "02.10.2017",
        "query": "ковровая плитка desso опт",
        "name_se": "Яндекс"
    },
    {
        "position": 72,
        "pretty_report_date": "02.10.2017",
        "query": "ковровая плитка ruscarpettiles опт",
        "name_se": "Яндекс"
    },
    {
        "position": 101,
        "pretty_report_date": "02.10.2017",
        "query": "плитка пвх для пола оптом",
        "name_se": "Яндекс"
    },
    {
        "position": 81,
        "pretty_report_date": "02.10.2017",
        "query": "ковролин balta опт",
        "name_se": "Яндекс"
    },
    {
        "position": 70,
        "pretty_report_date": "02.10.2017",
        "query": "ковровая плитка forbo опт",
        "name_se": "Яндекс"
    },
    {
        "position": 101,
        "pretty_report_date": "02.10.2017",
        "query": "плитка пвх цена оптом",
        "name_se": "Яндекс"
    },
    {
        "position": 101,
        "pretty_report_date": "02.10.2017",
        "query": "антистатический линолеум опт",
        "name_se": "Яндекс"
    },
    {
        "position": 101,
        "pretty_report_date": "02.10.2017",
        "query": "ковровая плитка для офиса опт",
        "name_se": "Яндекс"
    },
    {
        "position": 101,
        "pretty_report_date": "02.10.2017",
        "query": "спортивный линолеум опт",
        "name_se": "Яндекс"
    },
    {
        "position": 101,
        "pretty_report_date": "02.10.2017",
        "query": "спортивный линолеум купить в москве оптом",
        "name_se": "Яндекс"
    },
    {
        "position": 101,
        "pretty_report_date": "02.10.2017",
        "query": "линолеум опт",
        "name_se": "Google"
    },
    {
        "position": 101,
        "pretty_report_date": "02.10.2017",
        "query": "спортивный линолеум купить в москве опт",
        "name_se": "Google"
    },
    {
        "position": 101,
        "pretty_report_date": "02.10.2017",
        "query": "линолеум оптом",
        "name_se": "Google"
    },
    {
        "position": 101,
        "pretty_report_date": "02.10.2017",
        "query": "плитка пвх цена опт",
        "name_se": "Google"
    },
    {
        "position": 101,
        "pretty_report_date": "02.10.2017",
        "query": "плитка пвх для ванной оптом",
        "name_se": "Google"
    },
    {
        "position": 101,
        "pretty_report_date": "02.10.2017",
        "query": "плитка пвх москве оптом",
        "name_se": "Google"
    },
    {
        "position": 56,
        "pretty_report_date": "02.10.2017",
        "query": "линолеум armstrong оптом",
        "name_se": "Google"
    },
    {
        "position": 101,
        "pretty_report_date": "02.10.2017",
        "query": "оптовая продажа линолеума",
        "name_se": "Google"
    },
    {
        "position": 101,
        "pretty_report_date": "02.10.2017",
        "query": "антистатический линолеум купить опт",
        "name_se": "Google"
    },
    {
        "position": 101,
        "pretty_report_date": "02.10.2017",
        "query": "натуральный линолеум в розницу опт",
        "name_se": "Google"
    },
    {
        "position": 45,
        "pretty_report_date": "02.10.2017",
        "query": "натуральный линолеум плитками опт",
        "name_se": "Google"
    },
    {
        "position": 101,
        "pretty_report_date": "02.10.2017",
        "query": "плитка пвх для ванной опт",
        "name_se": "Google"
    },
    {
        "position": 101,
        "pretty_report_date": "02.10.2017",
        "query": "ковролин для гостиниц оптом",
        "name_se": "Google"
    },
    {
        "position": 66,
        "pretty_report_date": "02.10.2017",
        "query": "коммерческий линолеум lg оптом",
        "name_se": "Google"
    },
    {
        "position": 101,
        "pretty_report_date": "02.10.2017",
        "query": "ковровая плитка ruscarpettiles опт",
        "name_se": "Google"
    },
    {
        "position": 24,
        "pretty_report_date": "02.10.2017",
        "query": "ковровая плитка desso опт",
        "name_se": "Google"
    },
    {
        "position": 101,
        "pretty_report_date": "02.10.2017",
        "query": "спортивный линолеум купить в москве оптом",
        "name_se": "Google"
    },
    {
        "position": 101,
        "pretty_report_date": "02.10.2017",
        "query": "спортивный линолеум опт",
        "name_se": "Google"
    },
    {
        "position": 85,
        "pretty_report_date": "02.10.2017",
        "query": "ковровая плитка для офиса опт",
        "name_se": "Google"
    },
    {
        "position": 101,
        "pretty_report_date": "02.10.2017",
        "query": "антистатический линолеум опт",
        "name_se": "Google"
    },
    {
        "position": 101,
        "pretty_report_date": "02.10.2017",
        "query": "плитка пвх цена оптом",
        "name_se": "Google"
    },
    {
        "position": 69,
        "pretty_report_date": "02.10.2017",
        "query": "ковровая плитка forbo опт",
        "name_se": "Google"
    },
    {
        "position": 101,
        "pretty_report_date": "02.10.2017",
        "query": "ковролин balta опт",
        "name_se": "Google"
    },
    {
        "position": 101,
        "pretty_report_date": "02.10.2017",
        "query": "плитка пвх для пола оптом",
        "name_se": "Google"
    },
    {
        "position": 101,
        "pretty_report_date": "02.10.2017",
        "query": "антистатический линолеум оптом",
        "name_se": "Яндекс"
    },
    {
        "position": 101,
        "pretty_report_date": "02.10.2017",
        "query": "пвх под плитку опт",
        "name_se": "Яндекс"
    },
    {
        "position": 78,
        "pretty_report_date": "02.10.2017",
        "query": "купить ковровую плитку desso опт",
        "name_se": "Яндекс"
    },
    {
        "position": 101,
        "pretty_report_date": "02.10.2017",
        "query": "токопроводящий линолеум оптом",
        "name_se": "Яндекс"
    },
    {
        "position": 11,
        "pretty_report_date": "02.10.2017",
        "query": "натуральный линолеум armstrong опт",
        "name_se": "Яндекс"
    },
    {
        "position": 101,
        "pretty_report_date": "02.10.2017",
        "query": "линолеум натуральный купить в москве опт",
        "name_se": "Яндекс"
    },
    {
        "position": 75,
        "pretty_report_date": "02.10.2017",
        "query": "ковровая плитка escom оптом",
        "name_se": "Яндекс"
    },
    {
        "position": 20,
        "pretty_report_date": "02.10.2017",
        "query": "линолеум armstrong опт",
        "name_se": "Яндекс"
    },
    {
        "position": 10,
        "pretty_report_date": "02.10.2017",
        "query": "натуральный линолеум москва оптом",
        "name_se": "Яндекс"
    },
    {
        "position": 101,
        "pretty_report_date": "02.10.2017",
        "query": "ковровая плитка для офиса оптом",
        "name_se": "Яндекс"
    },
    {
        "position": 101,
        "pretty_report_date": "02.10.2017",
        "query": "линолеум оптом",
        "name_se": "Яндекс"
    },
    {
        "position": 101,
        "pretty_report_date": "02.10.2017",
        "query": "линолеум опт",
        "name_se": "Яндекс"
    },
    {
        "position": 20,
        "pretty_report_date": "02.10.2017",
        "query": "натуральный линолеум купить опт",
        "name_se": "Google"
    },
    {
        "position": 101,
        "pretty_report_date": "02.10.2017",
        "query": "купить плитку пвх оптом",
        "name_se": "Google"
    },
    {
        "position": 101,
        "pretty_report_date": "02.10.2017",
        "query": "пвх под плитку оптом",
        "name_se": "Google"
    },
    {
        "position": 24,
        "pretty_report_date": "02.10.2017",
        "query": "натуральный линолеум армстронг оптом",
        "name_se": "Google"
    },
    {
        "position": 24,
        "pretty_report_date": "02.10.2017",
        "query": "ковровая плитка essence оптом",
        "name_se": "Google"
    },
    {
        "position": 101,
        "pretty_report_date": "02.10.2017",
        "query": "ковровая плитка escom object оптом",
        "name_se": "Google"
    },
    {
        "position": 101,
        "pretty_report_date": "02.10.2017",
        "query": "натуральный линолеум купить в розницу опт",
        "name_se": "Google"
    },
    {
        "position": 101,
        "pretty_report_date": "02.10.2017",
        "query": "натуральный линолеум купить в москве в розницу опт",
        "name_se": "Google"
    },
    {
        "position": 101,
        "pretty_report_date": "02.10.2017",
        "query": "ковровая плитка modulyss оптом",
        "name_se": "Google"
    },
    {
        "position": 57,
        "pretty_report_date": "02.10.2017",
        "query": "ковровая плитка forbo оптом",
        "name_se": "Google"
    },
    {
        "position": 101,
        "pretty_report_date": "02.10.2017",
        "query": "ковровая плитка россия опт",
        "name_se": "Google"
    },
    {
        "position": 101,
        "pretty_report_date": "02.10.2017",
        "query": "ковролин для гостиниц опт",
        "name_se": "Google"
    },
    {
        "position": 82,
        "pretty_report_date": "02.10.2017",
        "query": "ковролин balta оптом",
        "name_se": "Google"
    },
    {
        "position": 101,
        "pretty_report_date": "02.10.2017",
        "query": "плитка пвх для пола купить оптом",
        "name_se": "Google"
    },
    {
        "position": 101,
        "pretty_report_date": "02.10.2017",
        "query": "спортивный линолеум оптом",
        "name_se": "Google"
    },
    {
        "position": 101,
        "pretty_report_date": "02.10.2017",
        "query": "негорючий линолеум оптом",
        "name_se": "Google"
    },
    {
        "position": 21,
        "pretty_report_date": "02.10.2017",
        "query": "натуральный линолеум цена оптом",
        "name_se": "Яндекс"
    },
    {
        "position": 101,
        "pretty_report_date": "02.10.2017",
        "query": "ковролин для офиса опт",
        "name_se": "Яндекс"
    },
    {
        "position": 101,
        "pretty_report_date": "02.10.2017",
        "query": "ковровая плитка купить в москве оптом",
        "name_se": "Яндекс"
    },
    {
        "position": 23,
        "pretty_report_date": "02.10.2017",
        "query": "линолеум армстронг оптом",
        "name_se": "Яндекс"
    },
    {
        "position": 28,
        "pretty_report_date": "02.10.2017",
        "query": "ковровая плитка desso оптом",
        "name_se": "Яндекс"
    },
    {
        "position": 72,
        "pretty_report_date": "02.10.2017",
        "query": "ковровая плитка ruscarpettiles оптом",
        "name_se": "Яндекс"
    },
    {
        "position": 27,
        "pretty_report_date": "02.10.2017",
        "query": "купить линолеум armstrong опт",
        "name_se": "Яндекс"
    },
    {
        "position": 19,
        "pretty_report_date": "02.10.2017",
        "query": "натуральный линолеум опт",
        "name_se": "Яндекс"
    },
    {
        "position": 101,
        "pretty_report_date": "02.10.2017",
        "query": "ковровая плитка цена оптом",
        "name_se": "Яндекс"
    },
    {
        "position": 101,
        "pretty_report_date": "02.10.2017",
        "query": "ковровая плитка цена опт",
        "name_se": "Яндекс"
    },
    {
        "position": 49,
        "pretty_report_date": "02.10.2017",
        "query": "линолеум lg durable оптом",
        "name_se": "Яндекс"
    },
    {
        "position": 35,
        "pretty_report_date": "02.10.2017",
        "query": "линолеум armstrong marmorette оптом",
        "name_se": "Яндекс"
    },
    {
        "position": 101,
        "pretty_report_date": "02.10.2017",
        "query": "ковровая плитка цена за м2 оптом",
        "name_se": "Яндекс"
    },
    {
        "position": 101,
        "pretty_report_date": "02.10.2017",
        "query": "дизайн плитка пвх оптом",
        "name_se": "Яндекс"
    },
    {
        "position": 10,
        "pretty_report_date": "02.10.2017",
        "query": "натуральный линолеум армстронг опт",
        "name_se": "Яндекс"
    },
    {
        "position": 101,
        "pretty_report_date": "02.10.2017",
        "query": "напольная плитка пвх опт",
        "name_se": "Яндекс"
    },
    {
        "position": 101,
        "pretty_report_date": "02.10.2017",
        "query": "спортивный линолеум купить опт",
        "name_se": "Яндекс"
    },
    {
        "position": 101,
        "pretty_report_date": "02.10.2017",
        "query": "натуральный линолеум купить в розницу оптом",
        "name_se": "Яндекс"
    },
    {
        "position": 101,
        "pretty_report_date": "02.10.2017",
        "query": "линолеум оптом в москве",
        "name_se": "Яндекс"
    },
    {
        "position": 101,
        "pretty_report_date": "02.10.2017",
        "query": "ковровая плитка оптом",
        "name_se": "Яндекс"
    },
    {
        "position": 101,
        "pretty_report_date": "02.10.2017",
        "query": "ковровая плитка balsan оптом",
        "name_se": "Яндекс"
    },
    {
        "position": 101,
        "pretty_report_date": "02.10.2017",
        "query": "ковровая плитка опт",
        "name_se": "Яндекс"
    },
    {
        "position": 101,
        "pretty_report_date": "02.10.2017",
        "query": "плитка пвх опт",
        "name_se": "Яндекс"
    },
    {
        "position": 101,
        "pretty_report_date": "02.10.2017",
        "query": "ковровая плитка москва опт",
        "name_se": "Яндекс"
    },
    {
        "position": 101,
        "pretty_report_date": "02.10.2017",
        "query": "плитка пвх оптом",
        "name_se": "Яндекс"
    },
    {
        "position": 13,
        "pretty_report_date": "02.10.2017",
        "query": "натуральный линолеум оптом",
        "name_se": "Яндекс"
    },
    {
        "position": 14,
        "pretty_report_date": "02.10.2017",
        "query": "натуральный линолеум москва опт",
        "name_se": "Google"
    },
    {
        "position": 25,
        "pretty_report_date": "02.10.2017",
        "query": "натуральный линолеум цена опт",
        "name_se": "Google"
    },
    {
        "position": 101,
        "pretty_report_date": "02.10.2017",
        "query": "ковролин для офиса оптом",
        "name_se": "Google"
    },
    {
        "position": 34,
        "pretty_report_date": "02.10.2017",
        "query": "линолеум натуральный купить в москве оптом",
        "name_se": "Google"
    },
    {
        "position": 29,
        "pretty_report_date": "02.10.2017",
        "query": "ковровая плитка essence опт",
        "name_se": "Google"
    },
    {
        "position": 101,
        "pretty_report_date": "02.10.2017",
        "query": "ковровая плитка цена за м2 опт",
        "name_se": "Google"
    },
    {
        "position": 88,
        "pretty_report_date": "02.10.2017",
        "query": "линолеум lg опт",
        "name_se": "Google"
    },
    {
        "position": 49,
        "pretty_report_date": "02.10.2017",
        "query": "натуральный линолеум forbo опт",
        "name_se": "Google"
    },
    {
        "position": 24,
        "pretty_report_date": "02.10.2017",
        "query": "натуральный линолеум armstrong оптом",
        "name_se": "Google"
    },
    {
        "position": 71,
        "pretty_report_date": "02.10.2017",
        "query": "натуральный линолеум forbo оптом",
        "name_se": "Google"
    },
    {
        "position": 36,
        "pretty_report_date": "02.10.2017",
        "query": "ковровая плитка ruscarpettiles оптом",
        "name_se": "Google"
    },
    {
        "position": 15,
        "pretty_report_date": "02.10.2017",
        "query": "ковровая плитка desso оптом",
        "name_se": "Google"
    },
    {
        "position": 53,
        "pretty_report_date": "02.10.2017",
        "query": "линолеум армстронг оптом",
        "name_se": "Google"
    },
    {
        "position": 84,
        "pretty_report_date": "02.10.2017",
        "query": "ковровая плитка купить в москве оптом",
        "name_se": "Google"
    },
    {
        "position": 97,
        "pretty_report_date": "02.10.2017",
        "query": "ковровая плитка цена опт",
        "name_se": "Google"
    },
    {
        "position": 80,
        "pretty_report_date": "02.10.2017",
        "query": "ковровая плитка цена оптом",
        "name_se": "Google"
    },
    {
        "position": 9,
        "pretty_report_date": "02.10.2017",
        "query": "натуральный линолеум опт",
        "name_se": "Google"
    },
    {
        "position": 44,
        "pretty_report_date": "02.10.2017",
        "query": "купить линолеум armstrong опт",
        "name_se": "Google"
    },
    {
        "position": 101,
        "pretty_report_date": "02.10.2017",
        "query": "напольная плитка пвх оптом",
        "name_se": "Google"
    },
    {
        "position": 101,
        "pretty_report_date": "02.10.2017",
        "query": "антистатический линолеум купить оптом",
        "name_se": "Google"
    },
    {
        "position": 101,
        "pretty_report_date": "02.10.2017",
        "query": "ковролин для офиса опт",
        "name_se": "Google"
    },
    {
        "position": 30,
        "pretty_report_date": "02.10.2017",
        "query": "натуральный линолеум цена оптом",
        "name_se": "Google"
    },
    {
        "position": 101,
        "pretty_report_date": "02.10.2017",
        "query": "ковровая плитка balsan оптом",
        "name_se": "Google"
    },
    {
        "position": 22,
        "pretty_report_date": "02.10.2017",
        "query": "линолеум армстронг купить оптом",
        "name_se": "Яндекс"
    },
    {
        "position": 101,
        "pretty_report_date": "02.10.2017",
        "query": "натуральный линолеум купить в москве в розницу оптом",
        "name_se": "Яндекс"
    },
    {
        "position": 30,
        "pretty_report_date": "02.10.2017",
        "query": "ковровая плитка дессо опт",
        "name_se": "Яндекс"
    },
    {
        "position": 101,
        "pretty_report_date": "02.10.2017",
        "query": "негорючий линолеум опт",
        "name_se": "Яндекс"
    },
    {
        "position": 23,
        "pretty_report_date": "02.10.2017",
        "query": "ковровая плитка дессо оптом",
        "name_se": "Яндекс"
    },
    {
        "position": 101,
        "pretty_report_date": "02.10.2017",
        "query": "коммерческий ковролин для гостиниц оптом",
        "name_se": "Яндекс"
    },
    {
        "position": 101,
        "pretty_report_date": "02.10.2017",
        "query": "купить ковролин для офиса оптом",
        "name_se": "Яндекс"
    },
    {
        "position": 45,
        "pretty_report_date": "02.10.2017",
        "query": "линолеум lg оптом",
        "name_se": "Яндекс"
    },
    {
        "position": 101,
        "pretty_report_date": "02.10.2017",
        "query": "купить плитку пвх опт",
        "name_se": "Google"
    },
    {
        "position": 101,
        "pretty_report_date": "02.10.2017",
        "query": "спортивный линолеум купить в москве опт",
        "name_se": "Яндекс"
    },
    {
        "position": 76,
        "pretty_report_date": "02.10.2017",
        "query": "ковровая плитка escom опт",
        "name_se": "Яндекс"
    },
    {
        "position": 101,
        "pretty_report_date": "02.10.2017",
        "query": "дизайн плитка пвх опт",
        "name_se": "Google"
    },
    {
        "position": 101,
        "pretty_report_date": "02.10.2017",
        "query": "натуральный линолеум в розницу оптом",
        "name_se": "Google"
    },
    {
        "position": 101,
        "pretty_report_date": "02.10.2017",
        "query": "ковровая плитка balsan опт",
        "name_se": "Google"
    },
    {
        "position": 101,
        "pretty_report_date": "02.10.2017",
        "query": "напольная плитка пвх опт",
        "name_se": "Google"
    },
    {
        "position": 75,
        "pretty_report_date": "02.10.2017",
        "query": "ковровая плитка россия оптом",
        "name_se": "Google"
    },
    {
        "position": 16,
        "pretty_report_date": "02.10.2017",
        "query": "натуральный линолеум армстронг опт",
        "name_se": "Google"
    },
    {
        "position": 101,
        "pretty_report_date": "02.10.2017",
        "query": "плитка пвх москве опт",
        "name_se": "Google"
    },
    {
        "position": 52,
        "pretty_report_date": "02.10.2017",
        "query": "линолеум армстронг опт",
        "name_se": "Google"
    },
    {
        "position": 36,
        "pretty_report_date": "02.10.2017",
        "query": "линолеум натуральный купить в москве опт",
        "name_se": "Google"
    },
    {
        "position": 15,
        "pretty_report_date": "02.10.2017",
        "query": "натуральный линолеум armstrong опт",
        "name_se": "Google"
    },
    {
        "position": 101,
        "pretty_report_date": "02.10.2017",
        "query": "токопроводящий линолеум оптом",
        "name_se": "Google"
    },
    {
        "position": 74,
        "pretty_report_date": "02.10.2017",
        "query": "ковролин balta купить опт",
        "name_se": "Google"
    },
    {
        "position": 65,
        "pretty_report_date": "02.10.2017",
        "query": "ковровая плитка для офиса оптом",
        "name_se": "Google"
    },
    {
        "position": 28,
        "pretty_report_date": "02.10.2017",
        "query": "натуральный линолеум москва оптом",
        "name_se": "Google"
    },
    {
        "position": 52,
        "pretty_report_date": "02.10.2017",
        "query": "линолеум armstrong опт",
        "name_se": "Google"
    },
    {
        "position": 53,
        "pretty_report_date": "02.10.2017",
        "query": "ковровая плитка escom оптом",
        "name_se": "Google"
    },
    {
        "position": 32,
        "pretty_report_date": "02.10.2017",
        "query": "натуральный линолеум купить оптом",
        "name_se": "Google"
    },
    {
        "position": 101,
        "pretty_report_date": "02.10.2017",
        "query": "натуральный линолеум в розницу оптом",
        "name_se": "Яндекс"
    },
    {
        "position": 101,
        "pretty_report_date": "02.10.2017",
        "query": "напольная плитка пвх оптом",
        "name_se": "Яндекс"
    },
    {
        "position": 101,
        "pretty_report_date": "02.10.2017",
        "query": "пвх под плитку опт",
        "name_se": "Google"
    },
    {
        "position": 101,
        "pretty_report_date": "02.10.2017",
        "query": "негорючий линолеум купить оптом",
        "name_se": "Яндекс"
    },
    {
        "position": 58,
        "pretty_report_date": "02.10.2017",
        "query": "ковролин balta itc оптом",
        "name_se": "Google"
    },
    {
        "position": 85,
        "pretty_report_date": "02.10.2017",
        "query": "ковровая плитка москва оптом",
        "name_se": "Google"
    },
    {
        "position": 101,
        "pretty_report_date": "02.10.2017",
        "query": "ковровая плитка купить опт",
        "name_se": "Яндекс"
    },
    {
        "position": 101,
        "pretty_report_date": "02.10.2017",
        "query": "ковровая плитка купить оптом",
        "name_se": "Яндекс"
    },
    {
        "position": 97,
        "pretty_report_date": "02.10.2017",
        "query": "ковровая плитка купить оптом",
        "name_se": "Google"
    },
    {
        "position": 101,
        "pretty_report_date": "02.10.2017",
        "query": "ковровая плитка купить опт",
        "name_se": "Google"
    },
    {
        "position": 11,
        "pretty_report_date": "02.10.2017",
        "query": "натуральный линолеум оптом",
        "name_se": "Google"
    },
    {
        "position": 101,
        "pretty_report_date": "02.10.2017",
        "query": "плитка пвх оптом",
        "name_se": "Google"
    },
    {
        "position": 101,
        "pretty_report_date": "02.10.2017",
        "query": "ковровая плитка москва опт",
        "name_se": "Google"
    },
    {
        "position": 101,
        "pretty_report_date": "02.10.2017",
        "query": "плитка пвх опт",
        "name_se": "Google"
    },
    {
        "position": 59,
        "pretty_report_date": "02.10.2017",
        "query": "ковровая плитка опт",
        "name_se": "Google"
    },
    {
        "position": 101,
        "pretty_report_date": "02.10.2017",
        "query": "линолеум оптом цена",
        "name_se": "Google"
    },
    {
        "position": 48,
        "pretty_report_date": "02.10.2017",
        "query": "ковровая плитка оптом",
        "name_se": "Google"
    },
    {
        "position": 101,
        "pretty_report_date": "02.10.2017",
        "query": "линолеум оптом в москве",
        "name_se": "Google"
    },
    {
        "position": 101,
        "pretty_report_date": "02.10.2017",
        "query": "плитка пвх москве оптом",
        "name_se": "Яндекс"
    },
    {
        "position": 101,
        "pretty_report_date": "02.10.2017",
        "query": "плитка пвх для ванной оптом",
        "name_se": "Яндекс"
    },
    {
        "position": 44,
        "pretty_report_date": "02.10.2017",
        "query": "ковровая плитка escom опт",
        "name_se": "Google"
    },
    {
        "position": 101,
        "pretty_report_date": "02.10.2017",
        "query": "коммерческий ковролин для гостиниц опт",
        "name_se": "Яндекс"
    },
    {
        "position": 57,
        "pretty_report_date": "02.10.2017",
        "query": "ковровая плитка escom object опт",
        "name_se": "Яндекс"
    },
    {
        "position": 34,
        "pretty_report_date": "02.10.2017",
        "query": "линолеум armstrong marmorette опт",
        "name_se": "Яндекс"
    },
    {
        "position": 101,
        "pretty_report_date": "02.10.2017",
        "query": "купить ковролин для офиса опт",
        "name_se": "Яндекс"
    },
    {
        "position": 23,
        "pretty_report_date": "02.10.2017",
        "query": "линолеум армстронг купить опт",
        "name_se": "Яндекс"
    },
    {
        "position": 39,
        "pretty_report_date": "02.10.2017",
        "query": "линолеум lg durable опт",
        "name_se": "Яндекс"
    },
    {
        "position": 101,
        "pretty_report_date": "02.10.2017",
        "query": "плитка пвх для пола опт",
        "name_se": "Яндекс"
    },
    {
        "position": 101,
        "pretty_report_date": "02.10.2017",
        "query": "негорючий линолеум купить опт",
        "name_se": "Яндекс"
    },
    {
        "position": 101,
        "pretty_report_date": "02.10.2017",
        "query": "токопроводящий линолеум опт",
        "name_se": "Яндекс"
    },
    {
        "position": 101,
        "pretty_report_date": "02.10.2017",
        "query": "плитка пвх для пола купить опт",
        "name_se": "Яндекс"
    },
    {
        "position": 87,
        "pretty_report_date": "02.10.2017",
        "query": "коммерческий ковролин для гостиниц оптом",
        "name_se": "Google"
    },
    {
        "position": 22,
        "pretty_report_date": "02.10.2017",
        "query": "ковровая плитка дессо оптом",
        "name_se": "Google"
    },
    {
        "position": 101,
        "pretty_report_date": "02.10.2017",
        "query": "негорючий линолеум опт",
        "name_se": "Google"
    },
    {
        "position": 101,
        "pretty_report_date": "02.10.2017",
        "query": "линолеум оптом цена",
        "name_se": "Яндекс"
    },
    {
        "position": 101,
        "pretty_report_date": "02.10.2017",
        "query": "натуральный линолеум купить в москве в розницу оптом",
        "name_se": "Google"
    },
    {
        "position": 39,
        "pretty_report_date": "02.10.2017",
        "query": "линолеум армстронг купить оптом",
        "name_se": "Google"
    },
    {
        "position": 101,
        "pretty_report_date": "02.10.2017",
        "query": "натуральный линолеум forbo опт",
        "name_se": "Яндекс"
    },
    {
        "position": 53,
        "pretty_report_date": "02.10.2017",
        "query": "линолеум lg опт",
        "name_se": "Яндекс"
    },
    {
        "position": 101,
        "pretty_report_date": "02.10.2017",
        "query": "ковровая плитка цена за м2 опт",
        "name_se": "Яндекс"
    },
    {
        "position": 101,
        "pretty_report_date": "02.10.2017",
        "query": "антистатический линолеум купить оптом",
        "name_se": "Яндекс"
    },
    {
        "position": 101,
        "pretty_report_date": "02.10.2017",
        "query": "линолеум натуральный купить в москве оптом",
        "name_se": "Яндекс"
    },
    {
        "position": 101,
        "pretty_report_date": "02.10.2017",
        "query": "ковролин для офиса оптом",
        "name_se": "Яндекс"
    },
    {
        "position": 26,
        "pretty_report_date": "02.10.2017",
        "query": "натуральный линолеум цена опт",
        "name_se": "Яндекс"
    },
    {
        "position": 14,
        "pretty_report_date": "02.10.2017",
        "query": "натуральный линолеум москва опт",
        "name_se": "Яндекс"
    },
    {
        "position": 101,
        "pretty_report_date": "02.10.2017",
        "query": "натуральный линолеум в розницу опт",
        "name_se": "Яндекс"
    },
    {
        "position": 101,
        "pretty_report_date": "02.10.2017",
        "query": "натуральный линолеум forbo оптом",
        "name_se": "Яндекс"
    },
    {
        "position": 15,
        "pretty_report_date": "02.10.2017",
        "query": "натуральный линолеум armstrong оптом",
        "name_se": "Яндекс"
    },
    {
        "position": 101,
        "pretty_report_date": "02.10.2017",
        "query": "антистатический линолеум купить опт",
        "name_se": "Яндекс"
    },
    {
        "position": 82,
        "pretty_report_date": "02.10.2017",
        "query": "линолеум lg оптом",
        "name_se": "Google"
    },
    {
        "position": 68,
        "pretty_report_date": "02.10.2017",
        "query": "ковролин balta купить оптом",
        "name_se": "Google"
    },
    {
        "position": 101,
        "pretty_report_date": "02.10.2017",
        "query": "купить ковролин для офиса оптом",
        "name_se": "Google"
    },
    {
        "position": 101,
        "pretty_report_date": "02.10.2017",
        "query": "негорючий линолеум купить опт",
        "name_se": "Google"
    },
    {
        "position": 24,
        "pretty_report_date": "02.10.2017",
        "query": "купить ковровую плитку desso опт",
        "name_se": "Google"
    },
    {
        "position": 26,
        "pretty_report_date": "02.10.2017",
        "query": "ковровая плитка дессо опт",
        "name_se": "Google"
    },
    {
        "position": 71,
        "pretty_report_date": "02.10.2017",
        "query": "ковролин balta itc опт",
        "name_se": "Яндекс"
    },
    {
        "position": 49,
        "pretty_report_date": "02.10.2017",
        "query": "коммерческий линолеум lg опт",
        "name_se": "Яндекс"
    },
    {
        "position": 101,
        "pretty_report_date": "02.10.2017",
        "query": "ковровая плитка modulyss опт",
        "name_se": "Яндекс"
    },
    {
        "position": 101,
        "pretty_report_date": "02.10.2017",
        "query": "ковровая плитка купить в москве опт",
        "name_se": "Яндекс"
    },
    {
        "position": 101,
        "pretty_report_date": "02.10.2017",
        "query": "спортивный линолеум купить оптом",
        "name_se": "Яндекс"
    },
    {
        "position": 101,
        "pretty_report_date": "02.10.2017",
        "query": "спортивный линолеум цена оптом",
        "name_se": "Яндекс"
    },
    {
        "position": 101,
        "pretty_report_date": "02.10.2017",
        "query": "плитка пвх цена опт",
        "name_se": "Яндекс"
    },
    {
        "position": 101,
        "pretty_report_date": "02.10.2017",
        "query": "спортивный линолеум цена опт",
        "name_se": "Яндекс"
    },
    {
        "position": 101,
        "pretty_report_date": "02.10.2017",
        "query": "натуральный линолеум купить в розницу оптом",
        "name_se": "Google"
    },
    {
        "position": 101,
        "pretty_report_date": "02.10.2017",
        "query": "спортивный линолеум купить опт",
        "name_se": "Google"
    },
    {
        "position": 101,
        "pretty_report_date": "02.10.2017",
        "query": "антистатический линолеум цена оптом",
        "name_se": "Яндекс"
    },
    {
        "position": 18,
        "pretty_report_date": "02.10.2017",
        "query": "натуральный линолеум плитками оптом",
        "name_se": "Яндекс"
    },
    {
        "position": 43,
        "pretty_report_date": "02.10.2017",
        "query": "дизайн плитка пвх оптом",
        "name_se": "Google"
    },
    {
        "position": 101,
        "pretty_report_date": "02.10.2017",
        "query": "ковровая плитка цена за м2 оптом",
        "name_se": "Google"
    },
    {
        "position": 38,
        "pretty_report_date": "02.10.2017",
        "query": "линолеум armstrong marmorette оптом",
        "name_se": "Google"
    },
    {
        "position": 61,
        "pretty_report_date": "02.10.2017",
        "query": "линолеум lg durable оптом",
        "name_se": "Google"
    },
    {
        "position": 101,
        "pretty_report_date": "02.10.2017",
        "query": "натуральный линолеум купить в москве в розницу опт",
        "name_se": "Яндекс"
    },
    {
        "position": 101,
        "pretty_report_date": "02.10.2017",
        "query": "натуральный линолеум купить в розницу опт",
        "name_se": "Яндекс"
    },
    {
        "position": 54,
        "pretty_report_date": "02.10.2017",
        "query": "ковровая плитка escom object оптом",
        "name_se": "Яндекс"
    },
    {
        "position": 70,
        "pretty_report_date": "02.10.2017",
        "query": "ковровая плитка essence оптом",
        "name_se": "Яндекс"
    },
    {
        "position": 15,
        "pretty_report_date": "02.10.2017",
        "query": "натуральный линолеум армстронг оптом",
        "name_se": "Яндекс"
    },
    {
        "position": 101,
        "pretty_report_date": "02.10.2017",
        "query": "пвх под плитку оптом",
        "name_se": "Яндекс"
    },
    {
        "position": 101,
        "pretty_report_date": "02.10.2017",
        "query": "купить плитку пвх оптом",
        "name_se": "Яндекс"
    },
    {
        "position": 17,
        "pretty_report_date": "02.10.2017",
        "query": "натуральный линолеум купить опт",
        "name_se": "Яндекс"
    },
    {
        "position": 46,
        "pretty_report_date": "02.10.2017",
        "query": "коммерческий линолеум lg оптом",
        "name_se": "Яндекс"
    },
    {
        "position": 101,
        "pretty_report_date": "02.10.2017",
        "query": "ковролин для гостиниц оптом",
        "name_se": "Яндекс"
    },
    {
        "position": 101,
        "pretty_report_date": "02.10.2017",
        "query": "плитка пвх для ванной опт",
        "name_se": "Яндекс"
    },
    {
        "position": 23,
        "pretty_report_date": "02.10.2017",
        "query": "натуральный линолеум плитками опт",
        "name_se": "Яндекс"
    },
    {
        "position": 59,
        "pretty_report_date": "02.10.2017",
        "query": "ковровая плитка forbo оптом",
        "name_se": "Яндекс"
    },
    {
        "position": 84,
        "pretty_report_date": "02.10.2017",
        "query": "ковровая плитка modulyss оптом",
        "name_se": "Яндекс"
    },
    {
        "position": 101,
        "pretty_report_date": "02.10.2017",
        "query": "оптовая продажа линолеума",
        "name_se": "Яндекс"
    },
    {
        "position": 25,
        "pretty_report_date": "02.10.2017",
        "query": "линолеум armstrong оптом",
        "name_se": "Яндекс"
    },
    {
        "position": 69,
        "pretty_report_date": "02.10.2017",
        "query": "ковровая плитка essence опт",
        "name_se": "Яндекс"
    },
    {
        "position": 75,
        "pretty_report_date": "02.10.2017",
        "query": "натуральный линолеум плитками оптом",
        "name_se": "Google"
    },
    {
        "position": 101,
        "pretty_report_date": "02.10.2017",
        "query": "антистатический линолеум цена оптом",
        "name_se": "Google"
    },
    {
        "position": 101,
        "pretty_report_date": "02.10.2017",
        "query": "ковровая плитка купить в москве опт",
        "name_se": "Google"
    },
    {
        "position": 101,
        "pretty_report_date": "02.10.2017",
        "query": "ковровая плитка modulyss опт",
        "name_se": "Google"
    },
    {
        "position": 76,
        "pretty_report_date": "02.10.2017",
        "query": "коммерческий линолеум lg опт",
        "name_se": "Google"
    },
    {
        "position": 61,
        "pretty_report_date": "02.10.2017",
        "query": "ковролин balta itc опт",
        "name_se": "Google"
    },
    {
        "position": 101,
        "pretty_report_date": "02.10.2017",
        "query": "спортивный линолеум цена опт",
        "name_se": "Google"
    },
    {
        "position": 101,
        "pretty_report_date": "02.10.2017",
        "query": "антистатический линолеум цена опт",
        "name_se": "Google"
    },
    {
        "position": 101,
        "pretty_report_date": "02.10.2017",
        "query": "спортивный линолеум цена оптом",
        "name_se": "Google"
    },
    {
        "position": 101,
        "pretty_report_date": "02.10.2017",
        "query": "спортивный линолеум купить оптом",
        "name_se": "Google"
    },
    {
        "position": 101,
        "pretty_report_date": "02.10.2017",
        "query": "купить плитку пвх опт",
        "name_se": "Яндекс"
    },
    {
        "position": 101,
        "pretty_report_date": "02.10.2017",
        "query": "антистатический линолеум цена опт",
        "name_se": "Яндекс"
    },
    {
        "position": 101,
        "pretty_report_date": "02.10.2017",
        "query": "негорючий линолеум оптом",
        "name_se": "Яндекс"
    },
    {
        "position": 101,
        "pretty_report_date": "02.10.2017",
        "query": "спортивный линолеум оптом",
        "name_se": "Яндекс"
    },
    {
        "position": 101,
        "pretty_report_date": "02.10.2017",
        "query": "плитка пвх для пола купить оптом",
        "name_se": "Яндекс"
    },
    {
        "position": 82,
        "pretty_report_date": "02.10.2017",
        "query": "ковролин balta оптом",
        "name_se": "Яндекс"
    },
    {
        "position": 101,
        "pretty_report_date": "02.10.2017",
        "query": "ковролин для гостиниц опт",
        "name_se": "Яндекс"
    },
    {
        "position": 101,
        "pretty_report_date": "02.10.2017",
        "query": "ковровая плитка россия опт",
        "name_se": "Яндекс"
    },
    {
        "position": 101,
        "pretty_report_date": "02.10.2017",
        "query": "ковровая плитка balsan опт",
        "name_se": "Яндекс"
    },
    {
        "position": 101,
        "pretty_report_date": "02.10.2017",
        "query": "дизайн плитка пвх опт",
        "name_se": "Яндекс"
    },
    {
        "position": 101,
        "pretty_report_date": "02.10.2017",
        "query": "ковровая плитка москва оптом",
        "name_se": "Яндекс"
    },
    {
        "position": 82,
        "pretty_report_date": "02.10.2017",
        "query": "ковролин balta itc оптом",
        "name_se": "Яндекс"
    },
    {
        "position": 77,
        "pretty_report_date": "02.10.2017",
        "query": "купить ковровую плитку desso оптом",
        "name_se": "Яндекс"
    },
    {
        "position": 16,
        "pretty_report_date": "02.10.2017",
        "query": "натуральный линолеум купить оптом",
        "name_se": "Яндекс"
    },
    {
        "position": 101,
        "pretty_report_date": "02.10.2017",
        "query": "ковролин balta купить опт",
        "name_se": "Яндекс"
    }
]